season,round,circuit_id,driver_number,lap_number,lap_time_s,compound,is_accurate
2021,14,monza,10,1,122.171,HARD,False
2021,14,monza,10,2,89.005,HARD,True
2021,14,monza,10,3,109.173,HARD,False
2021,14,monza,11,1,110.352,MEDIUM,False
2021,14,monza,11,2,87.606,MEDIUM,False
2021,14,monza,11,3,86.741,MEDIUM,True
2021,14,monza,11,4,87.002,MEDIUM,True
2021,14,monza,11,5,87.049,MEDIUM,True
2021,14,monza,11,6,87.019,MEDIUM,True
2021,14,monza,11,7,86.971,MEDIUM,True
2021,14,monza,11,8,86.823,MEDIUM,True
2021,14,monza,11,9,87.595,MEDIUM,True
2021,14,monza,11,10,86.623,MEDIUM,True
2021,14,monza,11,11,86.322,MEDIUM,True
2021,14,monza,11,12,86.387,MEDIUM,True
2021,14,monza,11,13,86.529,MEDIUM,True
2021,14,monza,11,14,86.536,MEDIUM,True
2021,14,monza,11,15,86.499,MEDIUM,True
2021,14,monza,11,16,86.946,MEDIUM,True
2021,14,monza,11,17,86.855,MEDIUM,True
2021,14,monza,11,18,86.88,MEDIUM,True
2021,14,monza,11,19,86.859,MEDIUM,True
2021,14,monza,11,20,86.882,MEDIUM,True
2021,14,monza,11,21,87.377,MEDIUM,True
2021,14,monza,11,22,87.679,MEDIUM,True
2021,14,monza,11,23,86.919,MEDIUM,True
2021,14,monza,11,24,87.257,MEDIUM,True
2021,14,monza,11,25,87.273,MEDIUM,True
2021,14,monza,11,26,105.619,MEDIUM,False
2021,14,monza,11,27,,HARD,False
2021,14,monza,11,28,,HARD,False
2021,14,monza,11,29,149.828,HARD,False
2021,14,monza,11,30,149.721,HARD,False
2021,14,monza,11,31,87.677,HARD,True
2021,14,monza,11,32,86.594,HARD,True
2021,14,monza,11,33,85.645,HARD,True
2021,14,monza,11,34,86.151,HARD,True
2021,14,monza,11,35,86.038,HARD,True
2021,14,monza,11,36,86.045,HARD,True
2021,14,monza,11,37,86.209,HARD,True
2021,14,monza,11,38,86.373,HARD,True
2021,14,monza,11,39,85.718,HARD,True
2021,14,monza,11,40,86.134,HARD,True
2021,14,monza,11,41,85.86,HARD,True
2021,14,monza,11,42,85.919,HARD,True
2021,14,monza,11,43,87.04,HARD,True
2021,14,monza,11,44,104.518,HARD,False
2021,14,monza,11,45,85.965,HARD,True
2021,14,monza,11,46,85.361,HARD,True
2021,14,monza,11,47,85.553,HARD,True
2021,14,monza,11,48,85.8,HARD,True
2021,14,monza,11,49,85.603,HARD,True
2021,14,monza,11,50,85.448,HARD,True
2021,14,monza,11,51,85.274,HARD,True
2021,14,monza,11,52,85.281,HARD,True
2021,14,monza,11,53,85.156,HARD,True
2021,14,monza,14,1,113.42,MEDIUM,False
2021,14,monza,14,2,87.173,MEDIUM,False
2021,14,monza,14,3,87.688,MEDIUM,True
2021,14,monza,14,4,87.75,MEDIUM,True
2021,14,monza,14,5,87.418,MEDIUM,True
2021,14,monza,14,6,87.745,MEDIUM,True
2021,14,monza,14,7,87.629,MEDIUM,True
2021,14,monza,14,8,87.727,MEDIUM,True
2021,14,monza,14,9,87.84,MEDIUM,True
2021,14,monza,14,10,87.749,MEDIUM,True
2021,14,monza,14,11,87.52,MEDIUM,True
2021,14,monza,14,12,87.407,MEDIUM,True
2021,14,monza,14,13,87.299,MEDIUM,True
2021,14,monza,14,14,87.319,MEDIUM,True
2021,14,monza,14,15,87.359,MEDIUM,True
2021,14,monza,14,16,87.369,MEDIUM,True
2021,14,monza,14,17,88.781,MEDIUM,True
2021,14,monza,14,18,87.743,MEDIUM,True
2021,14,monza,14,19,87.347,MEDIUM,True
2021,14,monza,14,20,87.299,MEDIUM,True
2021,14,monza,14,21,87.756,MEDIUM,True
2021,14,monza,14,22,87.71,MEDIUM,True
2021,14,monza,14,23,87.838,MEDIUM,True
2021,14,monza,14,24,88.781,MEDIUM,True
2021,14,monza,14,25,92.11,MEDIUM,False
2021,14,monza,14,26,134.49,HARD,False
2021,14,monza,14,27,119.084,HARD,False
2021,14,monza,14,28,,HARD,False
2021,14,monza,14,29,,HARD,False
2021,14,monza,14,30,142.422,HARD,False
2021,14,monza,14,31,88.28,HARD,True
2021,14,monza,14,32,87.49,HARD,True
2021,14,monza,14,33,87.168,HARD,True
2021,14,monza,14,34,86.614,HARD,True
2021,14,monza,14,35,86.448,HARD,True
2021,14,monza,14,36,86.69,HARD,True
2021,14,monza,14,37,86.48,HARD,True
2021,14,monza,14,38,86.239,HARD,True
2021,14,monza,14,39,86.224,HARD,True
2021,14,monza,14,40,86.11,HARD,True
2021,14,monza,14,41,85.868,HARD,True
2021,14,monza,14,42,86.017,HARD,True
2021,14,monza,14,43,87.18,HARD,True
2021,14,monza,14,44,105.578,HARD,False
2021,14,monza,14,45,86.574,HARD,True
2021,14,monza,14,46,86.474,HARD,True
2021,14,monza,14,47,86.342,HARD,True
2021,14,monza,14,48,86.238,HARD,True
2021,14,monza,14,49,86.021,HARD,True
2021,14,monza,14,50,85.861,HARD,True
2021,14,monza,14,51,85.91,HARD,True
2021,14,monza,14,52,85.472,HARD,True
2021,14,monza,14,53,85.511,HARD,True
2021,14,monza,16,1,108.161,MEDIUM,False
2021,14,monza,16,2,87.99,MEDIUM,False
2021,14,monza,16,3,86.073,MEDIUM,True
2021,14,monza,16,4,86.58,MEDIUM,True
2021,14,monza,16,5,86.473,MEDIUM,True
2021,14,monza,16,6,86.493,MEDIUM,True
2021,14,monza,16,7,86.765,MEDIUM,True
2021,14,monza,16,8,86.613,MEDIUM,True
2021,14,monza,16,9,86.506,MEDIUM,True
2021,14,monza,16,10,86.585,MEDIUM,True
2021,14,monza,16,11,86.543,MEDIUM,True
2021,14,monza,16,12,86.622,MEDIUM,True
2021,14,monza,16,13,86.652,MEDIUM,True
2021,14,monza,16,14,87.043,MEDIUM,True
2021,14,monza,16,15,87.301,MEDIUM,True
2021,14,monza,16,16,87.194,MEDIUM,True
2021,14,monza,16,17,86.985,MEDIUM,True
2021,14,monza,16,18,86.993,MEDIUM,True
2021,14,monza,16,19,86.643,MEDIUM,True
2021,14,monza,16,20,86.964,MEDIUM,True
2021,14,monza,16,21,87.415,MEDIUM,True
2021,14,monza,16,22,87.285,MEDIUM,True
2021,14,monza,16,23,87.224,MEDIUM,True
2021,14,monza,16,24,87.353,MEDIUM,True
2021,14,monza,16,25,87.225,MEDIUM,True
2021,14,monza,16,26,104.442,MEDIUM,False
2021,14,monza,16,27,,HARD,False
2021,14,monza,16,28,,HARD,False
2021,14,monza,16,29,,HARD,False
2021,14,monza,16,30,,HARD,False
2021,14,monza,16,31,88.0,HARD,True
2021,14,monza,16,32,87.935,HARD,True
2021,14,monza,16,33,86.537,HARD,True
2021,14,monza,16,34,86.696,HARD,True
2021,14,monza,16,35,85.697,HARD,True
2021,14,monza,16,36,86.016,HARD,True
2021,14,monza,16,37,86.157,HARD,True
2021,14,monza,16,38,85.801,HARD,True
2021,14,monza,16,39,86.359,HARD,True
2021,14,monza,16,40,86.088,HARD,True
2021,14,monza,16,41,85.826,HARD,True
2021,14,monza,16,42,85.73,HARD,True
2021,14,monza,16,43,86.881,HARD,True
2021,14,monza,16,44,104.866,HARD,False
2021,14,monza,16,45,85.993,HARD,True
2021,14,monza,16,46,85.606,HARD,True
2021,14,monza,16,47,85.956,HARD,True
2021,14,monza,16,48,85.941,HARD,True
2021,14,monza,16,49,85.619,HARD,True
2021,14,monza,16,50,85.511,HARD,True
2021,14,monza,16,51,85.517,HARD,True
2021,14,monza,16,52,85.664,HARD,True
2021,14,monza,16,53,85.319,HARD,True
2021,14,monza,18,1,111.426,MEDIUM,False
2021,14,monza,18,2,87.987,MEDIUM,False
2021,14,monza,18,3,86.738,MEDIUM,True
2021,14,monza,18,4,87.427,MEDIUM,True
2021,14,monza,18,5,87.249,MEDIUM,True
2021,14,monza,18,6,87.483,MEDIUM,True
2021,14,monza,18,7,87.567,MEDIUM,True
2021,14,monza,18,8,87.621,MEDIUM,True
2021,14,monza,18,9,87.566,MEDIUM,True
2021,14,monza,18,10,87.659,MEDIUM,True
2021,14,monza,18,11,87.694,MEDIUM,True
2021,14,monza,18,12,87.729,MEDIUM,True
2021,14,monza,18,13,87.63,MEDIUM,True
2021,14,monza,18,14,87.59,MEDIUM,True
2021,14,monza,18,15,87.465,MEDIUM,True
2021,14,monza,18,16,87.354,MEDIUM,True
2021,14,monza,18,17,87.452,MEDIUM,True
2021,14,monza,18,18,87.305,MEDIUM,True
2021,14,monza,18,19,87.254,MEDIUM,True
2021,14,monza,18,20,87.186,MEDIUM,True
2021,14,monza,18,21,88.104,MEDIUM,True
2021,14,monza,18,22,88.861,MEDIUM,True
2021,14,monza,18,23,87.615,MEDIUM,True
2021,14,monza,18,24,87.541,MEDIUM,True
2021,14,monza,18,25,91.605,MEDIUM,False
2021,14,monza,18,26,134.773,HARD,False
2021,14,monza,18,27,119.612,HARD,False
2021,14,monza,18,28,,HARD,False
2021,14,monza,18,29,,HARD,False
2021,14,monza,18,30,143.817,HARD,False
2021,14,monza,18,31,88.45,HARD,True
2021,14,monza,18,32,87.748,HARD,True
2021,14,monza,18,33,86.823,HARD,True
2021,14,monza,18,34,86.523,HARD,True
2021,14,monza,18,35,85.98,HARD,True
2021,14,monza,18,36,86.315,HARD,True
2021,14,monza,18,37,86.32,HARD,True
2021,14,monza,18,38,86.298,HARD,True
2021,14,monza,18,39,86.338,HARD,True
2021,14,monza,18,40,86.313,HARD,True
2021,14,monza,18,41,86.071,HARD,True
2021,14,monza,18,42,85.868,HARD,True
2021,14,monza,18,43,86.639,HARD,True
2021,14,monza,18,44,104.93,HARD,False
2021,14,monza,18,45,86.67,HARD,True
2021,14,monza,18,46,86.296,HARD,True
2021,14,monza,18,47,86.337,HARD,True
2021,14,monza,18,48,86.261,HARD,True
2021,14,monza,18,49,86.225,HARD,True
2021,14,monza,18,50,86.018,HARD,True
2021,14,monza,18,51,85.929,HARD,True
2021,14,monza,18,52,85.853,HARD,True
2021,14,monza,18,53,86.077,HARD,True
2021,14,monza,22,1,,MEDIUM,False
2021,14,monza,3,1,97.656,MEDIUM,False
2021,14,monza,3,2,90.745,MEDIUM,False
2021,14,monza,3,3,86.326,MEDIUM,True
2021,14,monza,3,4,86.313,MEDIUM,True
2021,14,monza,3,5,86.41,MEDIUM,True
2021,14,monza,3,6,86.419,MEDIUM,True
2021,14,monza,3,7,86.473,MEDIUM,True
2021,14,monza,3,8,86.789,MEDIUM,True
2021,14,monza,3,9,86.44,MEDIUM,True
2021,14,monza,3,10,86.723,MEDIUM,True
2021,14,monza,3,11,86.529,MEDIUM,True
2021,14,monza,3,12,86.705,MEDIUM,True
2021,14,monza,3,13,86.506,MEDIUM,True
2021,14,monza,3,14,86.391,MEDIUM,True
2021,14,monza,3,15,86.666,MEDIUM,True
2021,14,monza,3,16,86.628,MEDIUM,True
2021,14,monza,3,17,86.565,MEDIUM,True
2021,14,monza,3,18,86.917,MEDIUM,True
2021,14,monza,3,19,86.825,MEDIUM,True
2021,14,monza,3,20,87.061,MEDIUM,True
2021,14,monza,3,21,87.335,MEDIUM,True
2021,14,monza,3,22,92.063,MEDIUM,False
2021,14,monza,3,23,105.539,HARD,False
2021,14,monza,3,24,86.037,HARD,True
2021,14,monza,3,25,86.021,HARD,True
2021,14,monza,3,26,104.051,HARD,False
2021,14,monza,3,27,,HARD,False
2021,14,monza,3,28,,HARD,False
2021,14,monza,3,29,,HARD,False
2021,14,monza,3,30,,HARD,False
2021,14,monza,3,31,86.525,HARD,True
2021,14,monza,3,32,86.533,HARD,True
2021,14,monza,3,33,86.131,HARD,True
2021,14,monza,3,34,86.164,HARD,True
2021,14,monza,3,35,86.394,HARD,True
2021,14,monza,3,36,85.796,HARD,True
2021,14,monza,3,37,86.214,HARD,True
2021,14,monza,3,38,85.9,HARD,True
2021,14,monza,3,39,86.06,HARD,True
2021,14,monza,3,40,85.77,HARD,True
2021,14,monza,3,41,85.905,HARD,True
2021,14,monza,3,42,85.926,HARD,True
2021,14,monza,3,43,86.051,HARD,True
2021,14,monza,3,44,104.842,HARD,False
2021,14,monza,3,45,85.404,HARD,True
2021,14,monza,3,46,85.608,HARD,True
2021,14,monza,3,47,85.713,HARD,True
2021,14,monza,3,48,85.617,HARD,True
2021,14,monza,3,49,85.548,HARD,True
2021,14,monza,3,50,85.44,HARD,True
2021,14,monza,3,51,85.234,HARD,True
2021,14,monza,3,52,85.374,HARD,True
2021,14,monza,3,53,84.812,HARD,True
2021,14,monza,31,1,114.99,MEDIUM,False
2021,14,monza,31,2,87.158,MEDIUM,False
2021,14,monza,31,3,87.577,MEDIUM,True
2021,14,monza,31,4,87.472,MEDIUM,True
2021,14,monza,31,5,87.462,MEDIUM,True
2021,14,monza,31,6,87.752,MEDIUM,True
2021,14,monza,31,7,89.329,MEDIUM,True
2021,14,monza,31,8,88.031,MEDIUM,True
2021,14,monza,31,9,87.525,MEDIUM,True
2021,14,monza,31,10,87.75,MEDIUM,True
2021,14,monza,31,11,88.496,MEDIUM,True
2021,14,monza,31,12,87.714,MEDIUM,True
2021,14,monza,31,13,87.853,MEDIUM,True
2021,14,monza,31,14,87.745,MEDIUM,True
2021,14,monza,31,15,88.094,MEDIUM,True
2021,14,monza,31,16,87.422,MEDIUM,True
2021,14,monza,31,17,87.617,MEDIUM,True
2021,14,monza,31,18,87.691,MEDIUM,True
2021,14,monza,31,19,87.463,MEDIUM,True
2021,14,monza,31,20,87.877,MEDIUM,True
2021,14,monza,31,21,88.146,MEDIUM,True
2021,14,monza,31,22,88.065,MEDIUM,True
2021,14,monza,31,23,88.037,MEDIUM,True
2021,14,monza,31,24,87.558,MEDIUM,True
2021,14,monza,31,25,87.603,MEDIUM,True
2021,14,monza,31,26,115.315,MEDIUM,False
2021,14,monza,31,27,142.102,HARD,False
2021,14,monza,31,28,,HARD,False
2021,14,monza,31,29,,HARD,False
2021,14,monza,31,30,136.436,HARD,False
2021,14,monza,31,31,88.425,HARD,True
2021,14,monza,31,32,87.567,HARD,True
2021,14,monza,31,33,87.326,HARD,True
2021,14,monza,31,34,86.936,HARD,True
2021,14,monza,31,35,86.383,HARD,True
2021,14,monza,31,36,86.797,HARD,True
2021,14,monza,31,37,86.447,HARD,True
2021,14,monza,31,38,85.993,HARD,True
2021,14,monza,31,39,86.417,HARD,True
2021,14,monza,31,40,86.404,HARD,True
2021,14,monza,31,41,86.275,HARD,True
2021,14,monza,31,42,86.256,HARD,True
2021,14,monza,31,43,86.763,HARD,True
2021,14,monza,31,44,104.875,HARD,False
2021,14,monza,31,45,86.321,HARD,True
2021,14,monza,31,46,86.57,HARD,True
2021,14,monza,31,47,86.783,HARD,True
2021,14,monza,31,48,86.632,HARD,True
2021,14,monza,31,49,86.264,HARD,True
2021,14,monza,31,50,85.971,HARD,True
2021,14,monza,31,51,86.042,HARD,True
2021,14,monza,31,52,85.905,HARD,True
2021,14,monza,31,53,85.566,HARD,True
2021,14,monza,33,1,99.532,MEDIUM,False
2021,14,monza,33,2,90.125,MEDIUM,False
2021,14,monza,33,3,85.808,MEDIUM,True
2021,14,monza,33,4,86.395,MEDIUM,True
2021,14,monza,33,5,86.377,MEDIUM,True
2021,14,monza,33,6,86.341,MEDIUM,True
2021,14,monza,33,7,87.159,MEDIUM,True
2021,14,monza,33,8,86.333,MEDIUM,True
2021,14,monza,33,9,86.531,MEDIUM,True
2021,14,monza,33,10,86.499,MEDIUM,True
2021,14,monza,33,11,86.668,MEDIUM,True
2021,14,monza,33,12,86.741,MEDIUM,True
2021,14,monza,33,13,86.443,MEDIUM,True
2021,14,monza,33,14,86.691,MEDIUM,True
2021,14,monza,33,15,86.309,MEDIUM,True
2021,14,monza,33,16,86.702,MEDIUM,True
2021,14,monza,33,17,86.777,MEDIUM,True
2021,14,monza,33,18,86.78,MEDIUM,True
2021,14,monza,33,19,86.812,MEDIUM,True
2021,14,monza,33,20,87.125,MEDIUM,True
2021,14,monza,33,21,87.708,MEDIUM,True
2021,14,monza,33,22,87.466,MEDIUM,True
2021,14,monza,33,23,91.184,MEDIUM,False
2021,14,monza,33,24,114.069,HARD,False
2021,14,monza,33,25,85.173,HARD,True
2021,14,monza,33,26,,HARD,False
2021,14,monza,4,1,101.695,MEDIUM,False
2021,14,monza,4,2,90.131,MEDIUM,False
2021,14,monza,4,3,86.073,MEDIUM,True
2021,14,monza,4,4,86.728,MEDIUM,True
2021,14,monza,4,5,86.309,MEDIUM,True
2021,14,monza,4,6,86.526,MEDIUM,True
2021,14,monza,4,7,86.784,MEDIUM,True
2021,14,monza,4,8,86.466,MEDIUM,True
2021,14,monza,4,9,86.548,MEDIUM,True
2021,14,monza,4,10,86.69,MEDIUM,True
2021,14,monza,4,11,86.663,MEDIUM,True
2021,14,monza,4,12,87.304,MEDIUM,True
2021,14,monza,4,13,87.323,MEDIUM,True
2021,14,monza,4,14,87.132,MEDIUM,True
2021,14,monza,4,15,86.681,MEDIUM,True
2021,14,monza,4,16,86.497,MEDIUM,True
2021,14,monza,4,17,86.917,MEDIUM,True
2021,14,monza,4,18,86.943,MEDIUM,True
2021,14,monza,4,19,86.635,MEDIUM,True
2021,14,monza,4,20,86.664,MEDIUM,True
2021,14,monza,4,21,87.153,MEDIUM,True
2021,14,monza,4,22,87.151,MEDIUM,True
2021,14,monza,4,23,87.131,MEDIUM,True
2021,14,monza,4,24,92.641,MEDIUM,False
2021,14,monza,4,25,106.151,HARD,False
2021,14,monza,4,26,107.03,HARD,False
2021,14,monza,4,27,145.123,HARD,False
2021,14,monza,4,28,,HARD,False
2021,14,monza,4,29,,HARD,False
2021,14,monza,4,30,,HARD,False
2021,14,monza,4,31,86.782,HARD,True
2021,14,monza,4,32,86.394,HARD,True
2021,14,monza,4,33,85.954,HARD,True
2021,14,monza,4,34,86.533,HARD,True
2021,14,monza,4,35,85.949,HARD,True
2021,14,monza,4,36,86.296,HARD,True
2021,14,monza,4,37,86.187,HARD,True
2021,14,monza,4,38,86.072,HARD,True
2021,14,monza,4,39,85.912,HARD,True
2021,14,monza,4,40,85.838,HARD,True
2021,14,monza,4,41,85.86,HARD,True
2021,14,monza,4,42,85.925,HARD,True
2021,14,monza,4,43,87.034,HARD,True
2021,14,monza,4,44,104.645,HARD,False
2021,14,monza,4,45,85.38,HARD,True
2021,14,monza,4,46,85.386,HARD,True
2021,14,monza,4,47,85.573,HARD,True
2021,14,monza,4,48,85.728,HARD,True
2021,14,monza,4,49,85.396,HARD,True
2021,14,monza,4,50,85.372,HARD,True
2021,14,monza,4,51,85.285,HARD,True
2021,14,monza,4,52,85.414,HARD,True
2021,14,monza,4,53,84.971,HARD,True
2021,14,monza,44,1,105.494,HARD,False
2021,14,monza,44,2,87.866,HARD,False
2021,14,monza,44,3,85.87,HARD,True
2021,14,monza,44,4,86.252,HARD,True
2021,14,monza,44,5,86.026,HARD,True
2021,14,monza,44,6,86.778,HARD,True
2021,14,monza,44,7,86.846,HARD,True
2021,14,monza,44,8,86.413,HARD,True
2021,14,monza,44,9,86.595,HARD,True
2021,14,monza,44,10,86.497,HARD,True
2021,14,monza,44,11,86.368,HARD,True
2021,14,monza,44,12,87.39,HARD,True
2021,14,monza,44,13,87.44,HARD,True
2021,14,monza,44,14,87.472,HARD,True
2021,14,monza,44,15,86.757,HARD,True
2021,14,monza,44,16,86.58,HARD,True
2021,14,monza,44,17,87.01,HARD,True
2021,14,monza,44,18,86.778,HARD,True
2021,14,monza,44,19,86.826,HARD,True
2021,14,monza,44,20,86.609,HARD,True
2021,14,monza,44,21,86.952,HARD,True
2021,14,monza,44,22,86.943,HARD,True
2021,14,monza,44,23,87.032,HARD,True
2021,14,monza,44,24,86.586,HARD,True
2021,14,monza,44,25,90.855,HARD,False
2021,14,monza,47,1,120.963,MEDIUM,False
2021,14,monza,47,2,89.313,MEDIUM,True
2021,14,monza,47,3,88.636,MEDIUM,True
2021,14,monza,47,4,88.038,MEDIUM,True
2021,14,monza,47,5,88.092,MEDIUM,True
2021,14,monza,47,6,88.443,MEDIUM,True
2021,14,monza,47,7,88.429,MEDIUM,True
2021,14,monza,47,8,88.469,MEDIUM,True
2021,14,monza,47,9,88.453,MEDIUM,True
2021,14,monza,47,10,88.694,MEDIUM,True
2021,14,monza,47,11,88.822,MEDIUM,True
2021,14,monza,47,12,88.593,MEDIUM,True
2021,14,monza,47,13,88.597,MEDIUM,True
2021,14,monza,47,14,88.893,MEDIUM,True
2021,14,monza,47,15,88.927,MEDIUM,True
2021,14,monza,47,16,88.723,MEDIUM,True
2021,14,monza,47,17,88.884,MEDIUM,True
2021,14,monza,47,18,88.873,MEDIUM,True
2021,14,monza,47,19,89.082,MEDIUM,True
2021,14,monza,47,20,89.252,MEDIUM,True
2021,14,monza,47,21,89.092,MEDIUM,True
2021,14,monza,47,22,89.146,MEDIUM,True
2021,14,monza,47,23,93.142,MEDIUM,False
2021,14,monza,47,24,107.809,HARD,False
2021,14,monza,47,25,98.03,HARD,False
2021,14,monza,47,26,117.282,HARD,False
2021,14,monza,47,27,104.49,HARD,False
2021,14,monza,47,28,134.893,HARD,False
2021,14,monza,47,29,,HARD,False
2021,14,monza,47,30,134.464,HARD,False
2021,14,monza,47,31,90.182,HARD,True
2021,14,monza,47,32,98.648,HARD,True
2021,14,monza,47,33,87.332,HARD,True
2021,14,monza,47,34,87.021,HARD,True
2021,14,monza,47,35,86.786,HARD,True
2021,14,monza,47,36,86.884,HARD,True
2021,14,monza,47,37,87.183,HARD,True
2021,14,monza,47,38,86.985,HARD,True
2021,14,monza,47,39,87.406,HARD,True
2021,14,monza,47,40,87.067,HARD,True
2021,14,monza,47,41,87.137,HARD,True
2021,14,monza,47,42,87.335,HARD,True
2021,14,monza,47,43,94.956,HARD,False
2021,14,monza,47,44,99.037,HARD,False
2021,14,monza,47,45,87.402,HARD,True
2021,14,monza,47,46,87.426,HARD,True
2021,14,monza,47,47,87.179,HARD,True
2021,14,monza,47,48,87.139,HARD,True
2021,14,monza,47,49,87.359,HARD,True
2021,14,monza,47,50,87.128,HARD,True
2021,14,monza,47,51,87.412,HARD,True
2021,14,monza,47,52,86.707,HARD,True
2021,14,monza,47,53,86.771,HARD,True
2021,14,monza,5,1,118.083,MEDIUM,False
2021,14,monza,5,2,87.568,MEDIUM,True
2021,14,monza,5,3,87.408,MEDIUM,True
2021,14,monza,5,4,87.224,MEDIUM,True
2021,14,monza,5,5,87.137,MEDIUM,True
2021,14,monza,5,6,86.954,MEDIUM,True
2021,14,monza,5,7,87.462,MEDIUM,True
2021,14,monza,5,8,88.442,MEDIUM,True
2021,14,monza,5,9,88.995,MEDIUM,True
2021,14,monza,5,10,87.75,MEDIUM,True
2021,14,monza,5,11,87.448,MEDIUM,True
2021,14,monza,5,12,87.61,MEDIUM,True
2021,14,monza,5,13,87.545,MEDIUM,True
2021,14,monza,5,14,87.585,MEDIUM,True
2021,14,monza,5,15,88.807,MEDIUM,True
2021,14,monza,5,16,87.847,MEDIUM,True
2021,14,monza,5,17,87.73,MEDIUM,True
2021,14,monza,5,18,87.523,MEDIUM,True
2021,14,monza,5,19,87.495,MEDIUM,True
2021,14,monza,5,20,87.761,MEDIUM,True
2021,14,monza,5,21,87.768,MEDIUM,True
2021,14,monza,5,22,92.328,MEDIUM,False
2021,14,monza,5,23,109.176,HARD,False
2021,14,monza,5,24,87.095,HARD,True
2021,14,monza,5,25,86.85,HARD,False
2021,14,monza,5,26,121.789,HARD,False
2021,14,monza,5,27,135.317,MEDIUM,False
2021,14,monza,5,28,134.563,MEDIUM,False
2021,14,monza,5,29,,MEDIUM,False
2021,14,monza,5,30,135.043,MEDIUM,False
2021,14,monza,5,31,88.916,MEDIUM,True
2021,14,monza,5,32,89.135,MEDIUM,True
2021,14,monza,5,33,87.464,MEDIUM,True
2021,14,monza,5,34,86.936,MEDIUM,True
2021,14,monza,5,35,86.873,MEDIUM,True
2021,14,monza,5,36,86.54,MEDIUM,True
2021,14,monza,5,37,86.406,MEDIUM,True
2021,14,monza,5,38,86.5,MEDIUM,True
2021,14,monza,5,39,86.627,MEDIUM,True
2021,14,monza,5,40,86.688,MEDIUM,True
2021,14,monza,5,41,86.483,MEDIUM,True
2021,14,monza,5,42,86.804,MEDIUM,True
2021,14,monza,5,43,87.137,MEDIUM,True
2021,14,monza,5,44,103.023,MEDIUM,False
2021,14,monza,5,45,86.631,MEDIUM,True
2021,14,monza,5,46,86.498,MEDIUM,True
2021,14,monza,5,47,86.273,MEDIUM,True
2021,14,monza,5,48,86.322,MEDIUM,True
2021,14,monza,5,49,86.15,MEDIUM,True
2021,14,monza,5,50,85.938,MEDIUM,True
2021,14,monza,5,51,86.402,MEDIUM,True
2021,14,monza,5,52,86.281,MEDIUM,True
2021,14,monza,5,53,86.11,MEDIUM,True
2021,14,monza,55,1,109.405,MEDIUM,False
2021,14,monza,55,2,87.898,MEDIUM,False
2021,14,monza,55,3,86.611,MEDIUM,True
2021,14,monza,55,4,87.168,MEDIUM,True
2021,14,monza,55,5,86.803,MEDIUM,True
2021,14,monza,55,6,86.985,MEDIUM,True
2021,14,monza,55,7,87.192,MEDIUM,True
2021,14,monza,55,8,86.99,MEDIUM,True
2021,14,monza,55,9,89.642,MEDIUM,True
2021,14,monza,55,10,87.675,MEDIUM,True
2021,14,monza,55,11,87.447,MEDIUM,True
2021,14,monza,55,12,87.38,MEDIUM,True
2021,14,monza,55,13,87.014,MEDIUM,True
2021,14,monza,55,14,87.008,MEDIUM,True
2021,14,monza,55,15,87.003,MEDIUM,True
2021,14,monza,55,16,86.898,MEDIUM,True
2021,14,monza,55,17,86.954,MEDIUM,True
2021,14,monza,55,18,87.055,MEDIUM,True
2021,14,monza,55,19,87.012,MEDIUM,True
2021,14,monza,55,20,87.314,MEDIUM,True
2021,14,monza,55,21,87.778,MEDIUM,True
2021,14,monza,55,22,87.575,MEDIUM,True
2021,14,monza,55,23,87.458,MEDIUM,True
2021,14,monza,55,24,87.406,MEDIUM,True
2021,14,monza,55,25,89.071,MEDIUM,True
2021,14,monza,55,26,109.421,MEDIUM,False
2021,14,monza,55,27,,HARD,False
2021,14,monza,55,28,,HARD,False
2021,14,monza,55,29,148.704,HARD,False
2021,14,monza,55,30,148.409,HARD,False
2021,14,monza,55,31,87.967,HARD,True
2021,14,monza,55,32,88.024,HARD,True
2021,14,monza,55,33,86.949,HARD,True
2021,14,monza,55,34,86.185,HARD,True
2021,14,monza,55,35,85.858,HARD,True
2021,14,monza,55,36,86.03,HARD,True
2021,14,monza,55,37,85.862,HARD,True
2021,14,monza,55,38,85.911,HARD,True
2021,14,monza,55,39,86.193,HARD,True
2021,14,monza,55,40,85.922,HARD,True
2021,14,monza,55,41,85.784,HARD,True
2021,14,monza,55,42,85.715,HARD,True
2021,14,monza,55,43,86.777,HARD,True
2021,14,monza,55,44,104.756,HARD,False
2021,14,monza,55,45,86.169,HARD,True
2021,14,monza,55,46,85.653,HARD,True
2021,14,monza,55,47,86.11,HARD,True
2021,14,monza,55,48,86.04,HARD,True
2021,14,monza,55,49,85.992,HARD,True
2021,14,monza,55,50,86.282,HARD,True
2021,14,monza,55,51,85.928,HARD,True
2021,14,monza,55,52,85.91,HARD,True
2021,14,monza,55,53,85.559,HARD,True
2021,14,monza,6,1,116.194,MEDIUM,False
2021,14,monza,6,2,87.106,MEDIUM,True
2021,14,monza,6,3,87.11,MEDIUM,True
2021,14,monza,6,4,87.643,MEDIUM,True
2021,14,monza,6,5,87.58,MEDIUM,True
2021,14,monza,6,6,87.493,MEDIUM,True
2021,14,monza,6,7,87.804,MEDIUM,True
2021,14,monza,6,8,87.826,MEDIUM,True
2021,14,monza,6,9,87.411,MEDIUM,True
2021,14,monza,6,10,87.663,MEDIUM,True
2021,14,monza,6,11,87.694,MEDIUM,True
2021,14,monza,6,12,87.716,MEDIUM,True
2021,14,monza,6,13,88.852,MEDIUM,True
2021,14,monza,6,14,87.705,MEDIUM,True
2021,14,monza,6,15,87.829,MEDIUM,True
2021,14,monza,6,16,87.624,MEDIUM,True
2021,14,monza,6,17,87.768,MEDIUM,True
2021,14,monza,6,18,87.707,MEDIUM,True
2021,14,monza,6,19,87.534,MEDIUM,True
2021,14,monza,6,20,87.858,MEDIUM,True
2021,14,monza,6,21,88.021,MEDIUM,True
2021,14,monza,6,22,87.688,MEDIUM,True
2021,14,monza,6,23,92.043,MEDIUM,False
2021,14,monza,6,24,106.192,HARD,False
2021,14,monza,6,25,86.391,HARD,True
2021,14,monza,6,26,117.024,HARD,False
2021,14,monza,6,27,119.303,HARD,False
2021,14,monza,6,28,,HARD,False
2021,14,monza,6,29,,HARD,False
2021,14,monza,6,30,138.164,HARD,False
2021,14,monza,6,31,88.688,HARD,True
2021,14,monza,6,32,89.035,HARD,True
2021,14,monza,6,33,87.131,HARD,True
2021,14,monza,6,34,86.962,HARD,True
2021,14,monza,6,35,86.68,HARD,True
2021,14,monza,6,36,86.739,HARD,True
2021,14,monza,6,37,86.582,HARD,True
2021,14,monza,6,38,86.235,HARD,True
2021,14,monza,6,39,86.686,HARD,True
2021,14,monza,6,40,86.443,HARD,True
2021,14,monza,6,41,86.17,HARD,True
2021,14,monza,6,42,86.797,HARD,True
2021,14,monza,6,43,86.991,HARD,True
2021,14,monza,6,44,103.538,HARD,False
2021,14,monza,6,45,86.672,HARD,True
2021,14,monza,6,46,87.469,HARD,True
2021,14,monza,6,47,86.377,HARD,True
2021,14,monza,6,48,86.181,HARD,True
2021,14,monza,6,49,86.171,HARD,True
2021,14,monza,6,50,85.953,HARD,True
2021,14,monza,6,51,86.259,HARD,True
2021,14,monza,6,52,86.289,HARD,True
2021,14,monza,6,53,86.282,HARD,True
2021,14,monza,63,1,118.146,MEDIUM,False
2021,14,monza,63,2,89.102,MEDIUM,True
2021,14,monza,63,3,87.675,MEDIUM,True
2021,14,monza,63,4,88.159,MEDIUM,True
2021,14,monza,63,5,88.164,MEDIUM,True
2021,14,monza,63,6,87.338,MEDIUM,True
2021,14,monza,63,7,87.123,MEDIUM,True
2021,14,monza,63,8,87.227,MEDIUM,True
2021,14,monza,63,9,87.794,MEDIUM,True
2021,14,monza,63,10,87.757,MEDIUM,True
2021,14,monza,63,11,87.9,MEDIUM,True
2021,14,monza,63,12,87.75,MEDIUM,True
2021,14,monza,63,13,87.778,MEDIUM,True
2021,14,monza,63,14,87.674,MEDIUM,True
2021,14,monza,63,15,88.048,MEDIUM,True
2021,14,monza,63,16,87.74,MEDIUM,True
2021,14,monza,63,17,88.035,MEDIUM,True
2021,14,monza,63,18,87.919,MEDIUM,True
2021,14,monza,63,19,87.648,MEDIUM,True
2021,14,monza,63,20,87.818,MEDIUM,True
2021,14,monza,63,21,88.154,MEDIUM,True
2021,14,monza,63,22,87.53,MEDIUM,True
2021,14,monza,63,23,87.456,MEDIUM,True
2021,14,monza,63,24,87.709,MEDIUM,True
2021,14,monza,63,25,87.495,MEDIUM,True
2021,14,monza,63,26,115.947,MEDIUM,False
2021,14,monza,63,27,135.424,HARD,False
2021,14,monza,63,28,,HARD,False
2021,14,monza,63,29,,HARD,False
2021,14,monza,63,30,139.346,HARD,False
2021,14,monza,63,31,88.593,HARD,True
2021,14,monza,63,32,87.613,HARD,True
2021,14,monza,63,33,87.358,HARD,True
2021,14,monza,63,34,86.802,HARD,True
2021,14,monza,63,35,86.534,HARD,True
2021,14,monza,63,36,86.554,HARD,True
2021,14,monza,63,37,86.522,HARD,True
2021,14,monza,63,38,86.296,HARD,True
2021,14,monza,63,39,86.274,HARD,True
2021,14,monza,63,40,86.207,HARD,True
2021,14,monza,63,41,86.088,HARD,True
2021,14,monza,63,42,86.258,HARD,True
2021,14,monza,63,43,86.633,HARD,True
2021,14,monza,63,44,104.81,HARD,False
2021,14,monza,63,45,87.102,HARD,True
2021,14,monza,63,46,86.513,HARD,True
2021,14,monza,63,47,86.547,HARD,True
2021,14,monza,63,48,86.351,HARD,True
2021,14,monza,63,49,86.074,HARD,True
2021,14,monza,63,50,86.023,HARD,True
2021,14,monza,63,51,86.135,HARD,True
2021,14,monza,63,52,85.846,HARD,True
2021,14,monza,63,53,85.835,HARD,True
2021,14,monza,77,1,121.031,HARD,False
2021,14,monza,77,2,88.071,HARD,True
2021,14,monza,77,3,86.545,HARD,True
2021,14,monza,77,4,87.601,HARD,True
2021,14,monza,77,5,86.378,HARD,True
2021,14,monza,77,6,86.18,HARD,True
2021,14,monza,77,7,86.771,HARD,True
2021,14,monza,77,8,88.351,HARD,True
2021,14,monza,77,9,86.988,HARD,True
2021,14,monza,77,10,87.445,HARD,True
2021,14,monza,77,11,86.7,HARD,True
2021,14,monza,77,12,87.456,HARD,True
2021,14,monza,77,13,86.596,HARD,True
2021,14,monza,77,14,86.871,HARD,True
2021,14,monza,77,15,86.951,HARD,True
2021,14,monza,77,16,86.964,HARD,True
2021,14,monza,77,17,86.777,HARD,True
2021,14,monza,77,18,86.631,HARD,True
2021,14,monza,77,19,86.664,HARD,True
2021,14,monza,77,20,87.056,HARD,True
2021,14,monza,77,21,88.008,HARD,True
2021,14,monza,77,22,86.438,HARD,True
2021,14,monza,77,23,86.638,HARD,True
2021,14,monza,77,24,86.248,HARD,True
2021,14,monza,77,25,86.821,HARD,True
2021,14,monza,77,26,110.032,HARD,False
2021,14,monza,77,27,,MEDIUM,False
2021,14,monza,77,28,,MEDIUM,False
2021,14,monza,77,29,149.59,MEDIUM,False
2021,14,monza,77,30,145.925,MEDIUM,False
2021,14,monza,77,31,88.061,MEDIUM,True
2021,14,monza,77,32,86.597,MEDIUM,True
2021,14,monza,77,33,86.669,MEDIUM,True
2021,14,monza,77,34,84.827,MEDIUM,True
2021,14,monza,77,35,85.756,MEDIUM,True
2021,14,monza,77,36,85.971,MEDIUM,True
2021,14,monza,77,37,86.197,MEDIUM,True
2021,14,monza,77,38,86.549,MEDIUM,True
2021,14,monza,77,39,85.848,MEDIUM,True
2021,14,monza,77,40,85.942,MEDIUM,True
2021,14,monza,77,41,85.928,MEDIUM,True
2021,14,monza,77,42,85.692,MEDIUM,True
2021,14,monza,77,43,87.569,MEDIUM,True
2021,14,monza,77,44,104.645,MEDIUM,False
2021,14,monza,77,45,85.5,MEDIUM,True
2021,14,monza,77,46,85.723,MEDIUM,True
2021,14,monza,77,47,85.632,MEDIUM,True
2021,14,monza,77,48,85.726,MEDIUM,True
2021,14,monza,77,49,85.287,MEDIUM,True
2021,14,monza,77,50,85.593,MEDIUM,True
2021,14,monza,77,51,85.649,MEDIUM,True
2021,14,monza,77,52,85.191,MEDIUM,True
2021,14,monza,77,53,85.27,MEDIUM,True
2021,14,monza,88,1,120.167,HARD,False
2021,14,monza,88,2,88.892,HARD,True
2021,14,monza,88,3,88.736,HARD,True
2021,14,monza,88,4,87.546,HARD,True
2021,14,monza,88,5,88.04,HARD,True
2021,14,monza,88,6,87.829,HARD,True
2021,14,monza,88,7,88.115,HARD,True
2021,14,monza,88,8,87.733,HARD,True
2021,14,monza,88,9,88.044,HARD,True
2021,14,monza,88,10,87.977,HARD,True
2021,14,monza,88,11,87.996,HARD,True
2021,14,monza,88,12,87.774,HARD,True
2021,14,monza,88,13,87.751,HARD,True
2021,14,monza,88,14,87.905,HARD,True
2021,14,monza,88,15,87.685,HARD,True
2021,14,monza,88,16,87.583,HARD,True
2021,14,monza,88,17,87.806,HARD,True
2021,14,monza,88,18,87.447,HARD,True
2021,14,monza,88,19,87.876,HARD,True
2021,14,monza,88,20,88.013,HARD,True
2021,14,monza,88,21,87.969,HARD,True
2021,14,monza,88,22,88.079,HARD,True
2021,14,monza,88,23,87.965,HARD,True
2021,14,monza,88,24,88.065,HARD,True
2021,14,monza,88,25,87.614,HARD,True
2021,14,monza,88,26,118.104,HARD,False
2021,14,monza,88,27,134.609,MEDIUM,False
2021,14,monza,88,28,,MEDIUM,False
2021,14,monza,88,29,,MEDIUM,False
2021,14,monza,88,30,136.175,MEDIUM,False
2021,14,monza,88,31,88.911,MEDIUM,True
2021,14,monza,88,32,88.843,MEDIUM,True
2021,14,monza,88,33,87.262,MEDIUM,True
2021,14,monza,88,34,86.937,MEDIUM,True
2021,14,monza,88,35,86.757,MEDIUM,True
2021,14,monza,88,36,86.547,MEDIUM,True
2021,14,monza,88,37,86.637,MEDIUM,True
2021,14,monza,88,38,86.409,MEDIUM,True
2021,14,monza,88,39,86.76,MEDIUM,True
2021,14,monza,88,40,86.597,MEDIUM,True
2021,14,monza,88,41,86.37,MEDIUM,True
2021,14,monza,88,42,87.068,MEDIUM,True
2021,14,monza,88,43,87.018,MEDIUM,True
2021,14,monza,88,44,103.24,MEDIUM,False
2021,14,monza,88,45,88.246,MEDIUM,True
2021,14,monza,88,46,86.822,MEDIUM,True
2021,14,monza,88,47,86.688,MEDIUM,True
2021,14,monza,88,48,86.844,MEDIUM,True
2021,14,monza,88,49,88.639,MEDIUM,True
2021,14,monza,88,50,86.25,MEDIUM,True
2021,14,monza,88,51,86.292,MEDIUM,True
2021,14,monza,88,52,86.375,MEDIUM,True
2021,14,monza,88,53,85.849,MEDIUM,True
2021,14,monza,9,1,121.117,MEDIUM,False
2021,14,monza,9,2,89.945,MEDIUM,True
2021,14,monza,9,3,88.699,MEDIUM,True
2021,14,monza,9,4,88.045,MEDIUM,True
2021,14,monza,9,5,88.487,MEDIUM,True
2021,14,monza,9,6,88.302,MEDIUM,True
2021,14,monza,9,7,88.416,MEDIUM,True
2021,14,monza,9,8,88.626,MEDIUM,True
2021,14,monza,9,9,88.608,MEDIUM,True
2021,14,monza,9,10,88.631,MEDIUM,True
2021,14,monza,9,11,88.729,MEDIUM,True
2021,14,monza,9,12,88.356,MEDIUM,True
2021,14,monza,9,13,89.021,MEDIUM,True
2021,14,monza,9,14,89.258,MEDIUM,True
2021,14,monza,9,15,89.063,MEDIUM,True
2021,14,monza,9,16,88.859,MEDIUM,True
2021,14,monza,9,17,89.038,MEDIUM,True
2021,14,monza,9,18,88.796,MEDIUM,True
2021,14,monza,9,19,89.058,MEDIUM,True
2021,14,monza,9,20,89.063,MEDIUM,True
2021,14,monza,9,21,89.008,MEDIUM,True
2021,14,monza,9,22,89.328,MEDIUM,True
2021,14,monza,9,23,89.55,MEDIUM,True
2021,14,monza,9,24,93.767,MEDIUM,False
2021,14,monza,9,25,121.885,SOFT,False
2021,14,monza,9,26,116.859,SOFT,False
2021,14,monza,9,27,102.886,SOFT,False
2021,14,monza,9,28,129.771,SOFT,False
2021,14,monza,9,29,,HARD,False
2021,14,monza,9,30,131.254,HARD,False
2021,14,monza,9,31,89.951,HARD,True
2021,14,monza,9,32,90.285,HARD,True
2021,14,monza,9,33,88.019,HARD,True
2021,14,monza,9,34,87.891,HARD,True
2021,14,monza,9,35,90.116,HARD,True
2021,14,monza,9,36,88.286,HARD,True
2021,14,monza,9,37,87.921,HARD,True
2021,14,monza,9,38,87.339,HARD,True
2021,14,monza,9,39,96.154,HARD,False
2021,14,monza,9,40,113.307,SOFT,False
2021,14,monza,9,41,87.202,SOFT,True
2021,14,monza,9,42,,SOFT,False
2021,14,monza,99,1,129.159,MEDIUM,False
2021,14,monza,99,2,120.859,HARD,False
2021,14,monza,99,3,87.123,HARD,True
2021,14,monza,99,4,86.85,HARD,True
2021,14,monza,99,5,86.959,HARD,True
2021,14,monza,99,6,87.037,HARD,True
2021,14,monza,99,7,86.925,HARD,True
2021,14,monza,99,8,87.023,HARD,True
2021,14,monza,99,9,87.091,HARD,True
2021,14,monza,99,10,87.395,HARD,True
2021,14,monza,99,11,87.235,HARD,True
2021,14,monza,99,12,87.269,HARD,True
2021,14,monza,99,13,87.115,HARD,True
2021,14,monza,99,14,86.945,HARD,True
2021,14,monza,99,15,87.1,HARD,True
2021,14,monza,99,16,87.007,HARD,True
2021,14,monza,99,17,87.063,HARD,True
2021,14,monza,99,18,86.937,HARD,True
2021,14,monza,99,19,86.884,HARD,True
2021,14,monza,99,20,87.379,HARD,True
2021,14,monza,99,21,87.3,HARD,True
2021,14,monza,99,22,87.283,HARD,True
2021,14,monza,99,23,87.347,HARD,True
2021,14,monza,99,24,87.438,HARD,True
2021,14,monza,99,25,96.621,HARD,False
2021,14,monza,99,26,138.111,MEDIUM,False
2021,14,monza,99,27,104.55,MEDIUM,False
2021,14,monza,99,28,134.982,MEDIUM,False
2021,14,monza,99,29,,MEDIUM,False
2021,14,monza,99,30,133.971,MEDIUM,False
2021,14,monza,99,31,89.174,MEDIUM,True
2021,14,monza,99,32,88.89,MEDIUM,True
2021,14,monza,99,33,87.596,MEDIUM,True
2021,14,monza,99,34,87.222,MEDIUM,True
2021,14,monza,99,35,86.718,MEDIUM,True
2021,14,monza,99,36,86.704,MEDIUM,True
2021,14,monza,99,37,86.613,MEDIUM,True
2021,14,monza,99,38,86.487,MEDIUM,True
2021,14,monza,99,39,86.444,MEDIUM,True
2021,14,monza,99,40,86.792,MEDIUM,True
2021,14,monza,99,41,86.429,MEDIUM,True
2021,14,monza,99,42,86.635,MEDIUM,True
2021,14,monza,99,43,87.484,MEDIUM,True
2021,14,monza,99,44,103.011,MEDIUM,False
2021,14,monza,99,45,87.588,MEDIUM,True
2021,14,monza,99,46,86.724,MEDIUM,True
2021,14,monza,99,47,86.991,MEDIUM,True
2021,14,monza,99,48,86.656,MEDIUM,True
2021,14,monza,99,49,86.226,MEDIUM,True
2021,14,monza,99,50,85.718,MEDIUM,True
2021,14,monza,99,51,85.859,MEDIUM,True
2021,14,monza,99,52,86.153,MEDIUM,True
2021,14,monza,99,53,86.161,MEDIUM,True
